<?xml version="1.0" encoding="UTF-8"?>
<project-private xmlns="http://www.netbeans.org/ns/project-private/1">
    <editor-bookmarks xmlns="http://www.netbeans.org/ns/editor-bookmarks/2" lastBookmarkId="0"/>
    <open-files xmlns="http://www.netbeans.org/ns/projectui-open-files/2">
        <group name="NetBeansProjects">
            <file>file:/F:/Programming/Java%20Programming/Java%20Zipped%20programs/Banking-System-in-Core-Java-master/AquaTheme.java</file>
            <file>file:/F:/Programming/Java%20Programming/Java%20Zipped%20programs/Banking-System-in-Core-Java-master/GreenTheme.java</file>
            <file>file:/F:/Programming/Java%20Programming/Java%20Zipped%20programs/Banking-System-in-Core-Java-master/MyLocalBank.java</file>
            <file>file:/F:/Programming/Java%20Programming/Java%20Zipped%20programs/Banking-System-in-Core-Java-master/Splash.java</file>
            <file>file:/F:/Programming/Java%20Programming/Java%20Zipped%20programs/Banking-System-in-Core-Java-master/SwitchListener.java</file>
        </group>
    </open-files>
</project-private>
